geo,siec,1990,1991,1992,1993,1994,1995,1996,1997,1998,1999,2000,2001,2002,2003,2004,2005,2006,2007,2008,2009,2010,2011,2012,2013,2014,2015,2016,2017,2018,2019,2020,2021,2022,2023,2024
AL,C0000X0350-0370,7322.021,4361.7,1105.261,563.238,462.074,218.733,308.961,106.633,133.974,325.366,199.594,232.404,169.518,174.987,174.987,147.645,147.645,147.645,191.392,1168.818,1289.769,1616.273,898.126,779.266,1005.406,1094.259,580.819,1432.22,2780.662,1436.33,1752.246,2640.835,1668.153,1678.545,
AT,C0000X0350-0370,47637.303,49906.061,38789.922,34903.572,35553.956,40439.562,40487.151,42901.428,37795.484,37001.957,41867.716,43324.748,44270.042,47087.309,46307.572,47175.307,46526.913,45011.991,44570.655,33364.168,39350.484,40500.988,37740.112,38574.699,35465.963,37509.084,35048.716,36155.089,31860.959,33553.374,28743.6,29721.264,28861.196,27944.581,27227.136
BA,C0000X0350-0370,,,,,,,,,,,,,,,,,,,,,,,,,42541.546,42047.269,47820.274,48714.74,49195.803,45450.974,46632.505,46195.851,45070.809,40589.603,
BE,C0000X0350-0370,122895.823,116954.79,106897.047,98761.461,104430.108,100755.71,96139.27,92903.373,93804.773,82246.844,93250.03,86303.311,74593.685,69970.045,68281.75,60168.639,57594.378,51384.188,53009.36,36463.253,44044.886,40764.586,37630.796,41438.68,40430.737,39834.838,36816.636,35703.485,35826.162,35478.985,27502.504,30282.238,31837.096,27300.743,30580.317
BG,C0000X0350-0370,101703.14,89019.006,87666.835,95599.152,88570.98,88547.568,89401.253,92268.631,86135.549,76054.229,74591.874,84504.549,76526.621,85645.096,83558.444,80431.249,81180.774,91691.414,87051.092,74616.445,80691.234,94129.493,80421.453,69159.23,73935.161,76844.103,66274.58,71207.706,63876.66,59050.854,48382.338,61336.381,73013.067,43201.518,35806.411
CZ,C0000X0350-0370,365888.66,335297.802,300456.882,285881.134,265990.087,263912.403,262460.353,269339.445,247029.559,213842.913,250976.514,245826.1,241605.797,244523.645,243630.362,235380.78,243541.828,247290.615,228848.485,204785.904,219190.321,212838.43,201002.605,200923.005,185755.248,190669.319,192521.677,184191.607,183931.762,165050.373,143029.252,150113.591,156478.901,124696.868,111509.274
DE,C0000X0350-0370,1494894.455,1333814.276,1213885.114,1140862.889,1113204.25,1065440.852,1054546.749,1010590.709,986306.159,938849.353,986547.935,1006049.384,978136.203,988434.204,993461.517,951816.254,1001874.282,1001448.724,931656.15,838192.684,919650.714,906743.078,929453.701,948555.903,925803.274,923593.35,897031.618,829317.828,811058.673,656688.359,519337.671,627036.7,646886.425,487943.487,439250.628
DK,C0000X0350-0370,70799.346,96013.129,79630.857,83307.607,89049.929,75556.437,103662.011,77809.981,65929.405,53923.133,46358.226,48908.62,48700.932,65894.048,50732.508,43192.308,63697.534,54098.988,46588.208,46560.363,44297.983,37616.944,28700.094,36908.328,29466.583,21139.269,23315.516,17861.906,18520.525,11268.613,9533.273,13025.799,11865.84,7736.236,5166.192
EE,C0000X0350-0370,2534.792,2441.007,1446.91,692.208,382.778,408.611,429.123,333.236,293.612,425.626,474.745,641.437,231.983,102.996,160.43,129.51,266.783,663.967,703.923,513.867,278.421,338.184,284.517,325.556,390.557,155.375,100.708,142.917,194.722,164.321,-31.698,-104.478,-52.842,-4.786,5.542
EL,C0000X0350-0370,93810.837,90350.684,95092.393,94968.553,98579.222,97565.203,92443.538,99335.748,103766.178,99573.854,105101.347,108251.04,104440.445,103574.544,105912.171,104117.431,98010.594,102762.544,96779.576,97985.735,91447.074,91724.183,94608.216,81189.074,77770.77,65202.124,50817.102,56017.469,53080.12,37170.504,21293.6,19898.021,18171.522,13712.914,9370.292
ES,C0000X0350-0370,224334.621,233342.815,237807.676,213996.029,220597.204,221019.95,186805.822,213816.674,203544.755,228127.774,243536.768,222969.845,251230.934,234145.597,244848.008,238608.311,208306.729,233070.911,157082.084,112406.597,84679.097,147888.755,180482.984,133137.021,134537.761,157972.563,126022.758,150118.819,133999.683,58984.402,36051.186,37314.299,41929.01,32194.524,28726.387
FI,C0000X0350-0370,47681.989,46943.364,40872.818,48236.4,59979.055,50100.941,60570.219,55860.958,41778.667,41843.639,42184.125,48546.891,51786.482,68177.308,62515.281,37936.506,59231.139,55240.839,39154.703,41121.363,53344.284,45918.51,34831.721,44052.14,35711.379,31814.148,34379.543,32984.604,31813.174,24755.268,21383.191,24144.182,25039.323,19945.704,16019.197
FR,C0000X0350-0370,233063.228,246618.601,217858.849,172152.476,171339.611,184847.713,191045.102,168347.974,198583.194,178391.111,173128.194,145249.722,156002.639,165450.278,159807.083,164620.278,151827.222,156947.5,148411.111,129288.611,139119.444,131177.828,145685.346,154036.629,114504.883,108470.04,105968.36,115387.063,106206.598,85231.388,61626.136,98472.618,86770.439,69769.455,62302.644
HR,C0000X0350-0370,9478.213,5997.656,4672.856,3964.88,2476.668,2034.02,1670.874,2829.246,2706.105,2400.941,5020.464,5581.911,6736.579,7553.011,8024.938,7950.154,7380.738,8015.021,8247.308,5891.389,7936.905,8174.092,7344.987,7847.507,7521.744,7040.362,7572.888,4562.851,4260.713,4866.355,4200.654,4830.347,4727.461,4019.561,2727.5
HU,C0000X0350-0370,72138.635,70017.556,60914.539,56938.007,55555.836,53994.146,55307.232,53340.686,49715.074,48346.592,44764.518,42105.966,42131.72,43597.679,40319.663,35705.708,35772.953,36384.889,35331.799,29769.222,31439.553,31499.002,30287.744,26353.432,25688.193,27439.66,25460.489,25993.399,24811.681,21274.78,19573.342,15955.196,14444.035,10433.083,8648.564
IE,C0000X0350-0370,24241.282,24155.8,22225.629,21880.591,20307.627,20719.976,22297.69,20935.18,21711.194,18475.964,21090.679,21841.949,20333.074,20301.974,20926.368,21888.11,18971.537,18601.835,16399.119,13326.173,14348.479,14234.671,17277.374,15202.072,14529.307,17050.428,16861.86,13337.22,9167.942,4507.588,5209.01,10633.204,8457.579,5103.51,3359.459
IT,C0000X0350-0370,170161.899,160458.395,141783.641,123930.031,132162.157,142822.192,130738.47,131932.136,137060.558,136888.568,146073.65,155376.711,159679.114,173006.98,193008.479,191533.537,193911.251,189892.568,183735.55,143843.744,159028.402,178303.879,182761.28,157425.781,151874.176,143045.278,127732.32,108645.096,99298.817,75366.699,59249.607,64403.831,86184.514,56014.673,26784.201
LT,C0000X0350-0370,9092.044,10166.622,4591.378,4109.911,3363.289,2595.733,2407.322,1900.256,1646.147,1336.217,937.157,841.256,1441.938,1855.997,1797.536,1951.222,2709.788,2586.336,2203.278,1683.563,2116.668,2447.067,2327.95,2640.785,2278.707,1864.206,1853.063,1898.121,2010.97,1969.737,1565.296,1862.104,1836.25,1155.671,1019.283
LU,C0000X0350-0370,12913.972,12154.111,11368.417,11713.611,10103.972,5687.861,5325.139,3370.722,1104.222,1117.167,1276.248,1373.3,856.566,658.093,924.585,902.469,1076.891,911.215,871.27,778.142,762.646,687.658,637.605,611.301,605.78,572.367,592.313,547.956,485.669,532.157,440.263,457.816,472.229,264.919,229.81
LV,C0000X0350-0370,7337.644,6314.217,5278.008,4794.028,3433.111,2050.8,1948.028,1637.389,1234.786,1084.0,847.414,1084.581,880.783,780.267,765.858,926.092,991.483,1209.667,1217.108,984.042,1238.642,1275.058,1058.044,824.504,684.59,537.975,468.843,469.683,526.065,456.838,267.09,199.636,130.575,130.214,95.553
ME,C0000X0350-0370,,,,,,,,,,,,,,,,3332.481,3709.558,2923.991,4380.581,2399.051,4881.3,4935.025,4431.033,4277.533,4170.083,4400.333,3585.479,3652.897,4144.938,4284.588,4453.669,3907.912,4150.95,4455.223,
MK,C0000X0350-0370,15423.052,15469.478,15381.333,15430.108,16076.364,16574.58,16035.608,14997.046,19413.521,17023.317,15565.191,17129.815,15014.196,17045.44,16277.824,17039.761,16494.306,17084.699,17223.556,15565.269,15175.399,16977.246,16254.774,13525.605,12601.983,11028.432,10237.376,11308.397,9772.063,12078.463,8838.337,7536.659,9731.314,9462.729,
NL,C0000X0350-0370,101915.361,93236.472,93148.833,93492.361,101983.167,103864.155,100385.959,97737.974,99486.271,86816.79,90377.118,96225.055,96717.043,99862.455,98577.203,94133.461,91685.236,97805.847,92735.996,86781.549,87704.351,86519.719,94802.002,94484.145,104748.989,128963.936,119510.096,107144.557,96091.794,74707.481,47785.078,65091.112,63982.625,43797.973,47850.24
NO,C0000X0350-0370,10034.278,9123.5,8936.389,9883.444,11480.639,11904.389,11684.139,11970.167,12458.0,12352.083,12223.167,10981.556,9456.611,9172.278,10783.861,9023.75,8297.139,9360.583,9994.056,6526.889,8875.306,9841.056,9519.139,9015.361,9885.778,9547.028,8811.306,9858.806,9574.084,9317.566,9579.947,9770.541,9414.148,8596.389,8228.813
PL,C0000X0350-0370,917194.495,903321.611,876458.341,864739.947,800760.42,817854.25,839805.842,818812.333,737639.379,708101.207,654561.277,647698.043,638503.586,653525.646,630751.591,635655.765,665554.874,648766.148,637170.565,595137.454,642234.396,635450.684,584544.204,618605.988,573043.206,562598.507,576113.505,577683.39,572778.42,509869.725,475838.038,533979.883,490153.472,395861.441,372247.241
PT,C0000X0350-0370,32065.021,33793.618,34336.703,36761.317,38696.299,41884.722,39876.051,41040.784,36133.029,44062.437,44255.106,37123.515,40418.98,38152.566,39228.287,38949.662,38484.687,33576.263,29374.551,33275.24,19278.166,25683.515,34126.501,30821.371,31172.993,37893.829,33104.183,37531.736,31356.869,14515.93,6579.493,2274.801,79.041,60.594,74.579
RO,C0000X0350-0370,147739.609,118967.319,124607.602,117850.427,120978.463,125535.647,124976.311,112876.968,93855.279,79658.544,86844.814,88579.915,102004.441,108951.959,107506.184,101805.525,110247.414,117365.409,111152.63,87451.866,80807.479,94117.445,87922.978,66387.617,66611.066,68526.655,61382.356,62670.185,58696.066,56910.63,40494.786,47038.455,40860.775,30125.266,25907.455
RS,C0000X0350-0370,118296.761,100713.778,104708.867,97415.36,89211.669,102791.196,107208.587,110615.801,119742.659,88942.375,100541.034,97206.688,102889.571,109764.749,114258.067,93664.088,101873.589,100390.952,104014.321,93257.95,90162.381,101860.756,88637.001,91991.125,72815.554,90015.574,92082.241,91558.94,87794.086,87267.518,91905.067,81251.462,80089.573,78406.304,75878.375
SE,C0000X0350-0370,31668.222,29310.163,27384.557,28201.294,30785.512,29887.226,31734.906,27359.653,26297.952,25395.51,25794.114,28885.093,29038.295,27091.698,29808.132,26989.968,28150.859,27952.867,24044.867,18411.233,24879.878,25120.0,22571.733,23103.256,22480.444,23029.911,22167.967,22215.222,23330.978,21606.389,17490.111,19289.689,17237.722,16903.467,18196.622
SI,C0000X0350-0370,18296.216,16703.482,17393.965,16587.151,15466.013,16041.71,14771.998,16414.565,16620.762,15205.258,15188.191,16631.641,18235.307,17353.669,17887.188,17891.923,18196.844,18588.275,17861.497,16596.258,16902.801,17033.978,16199.244,15723.735,12195.97,12419.521,13344.002,13263.14,13158.948,12400.151,11864.289,10876.555,8698.592,8433.122,9068.969
SK,C0000X0350-0370,91076.09,80935.662,71526.659,71188.953,63494.573,62690.824,62012.98,59138.424,54482.956,52974.537,49673.934,51473.641,49637.423,53391.437,52603.384,49296.91,51827.766,46567.259,46622.14,45041.185,45324.837,43072.185,40436.954,40131.368,39821.436,38135.191,37472.786,39272.051,38832.646,31749.269,26806.979,32834.376,27944.789,27940.344,22901.436
UK,C0000X0350-0370,733939.269,738610.574,692882.889,608120.544,575687.803,548327.571,515196.796,466217.989,453436.9,404726.89,424507.972,450662.0,436264.671,473635.732,432897.187,438790.081,478530.446,457361.149,418428.366,339009.478,370693.105,359238.869,457360.448,429532.097,344109.371,286911.129,146967.755,117993.071,95253.224,68298.216,,,,,
XK,C0000X0350-0370,,,,,,,,,,,11268.302,14293.574,14198.216,15160.527,15115.015,14447.511,14385.66,15031.556,16237.53,18434.879,19476.094,18874.32,17818.591,18091.166,15760.948,18115.041,19630.209,16491.408,16679.299,17498.942,17952.587,18224.939,17828.251,14983.071,
AL,G3000,2363.25,1375.0,996.0,796.0,506.75,269.25,223.5,177.75,161.0,157.0,104.75,81.75,136.0,125.5,96.25,104.75,104.75,167.5,83.75,85.5,134.5,139.75,153.75,169.5,288.75,318.25,406.643,435.31,375.766,669.888,479.25,514.85,443.553,436.336,
AT,G3000,60899.749,64387.5,63225.25,66679.001,68585.5,74883.501,79705.499,76819.75,78866.0,80243.0,76578.5,81158.001,80795.0,87221.498,89321.5,94037.116,88040.494,82958.626,87743.447,85717.481,94469.756,89161.9,85208.237,82113.873,75216.187,80344.087,84233.2,90439.906,85626.743,89278.733,85118.714,89921.517,80127.852,68533.757,67870.428
BA,G3000,,,,,,,,,,,,,,,,,,,,,,,,,1765.75,2063.5,2148.0,2323.007,2315.007,2186.256,1994.256,2403.257,2342.507,2112.689,
BE,G3000,95005.188,101581.398,105247.342,109398.084,112491.295,123405.275,137416.656,131009.632,145076.581,155085.645,155475.816,153279.855,155586.425,167493.814,170013.998,172012.635,175732.721,174779.107,173159.127,175802.144,195407.294,168053.526,167777.726,169025.84,147516.893,162741.531,166014.001,169672.043,175091.002,177475.162,176510.575,177144.673,150819.619,141952.631,138656.273
BG,G3000,62752.5,53695.905,47293.446,44221.147,44428.247,53317.626,54383.11,43027.593,36391.677,31240.269,34091.898,31844.435,27939.064,29070.202,28990.101,32611.162,33734.252,35011.098,33892.505,25129.105,26753.25,30590.025,28507.112,27885.553,27477.075,30177.182,31244.693,32125.065,30379.215,28398.349,29251.219,33040.163,27043.22,25263.474,27133.671
CZ,G3000,61030.75,58889.75,67450.5,68931.75,67329.75,76195.25,87687.0,89188.75,89380.25,89860.5,87226.75,93414.0,90272.5,91204.75,90573.25,89591.0,88312.75,84185.5,83428.25,79133.5,93848.75,79190.5,79736.5,80786.75,71898.0,75394.5,81599.067,83747.5,79306.188,83249.755,84621.075,90675.107,73753.43,66947.766,66819.31
DE,G3000,639420.25,671332.25,660586.0,694165.5,711625.75,782670.0,875292.0,836758.5,845835.25,837310.75,835652.25,879122.75,878887.0,882428.06,886036.095,904602.487,922210.86,889637.246,897393.017,845862.517,882768.404,809397.822,811995.176,850173.228,737041.28,757742.104,817936.77,876226.223,855412.055,879465.372,867597.416,897623.632,776455.997,745036.387,754185.315
DK,G3000,21138.5,23933.0,25165.0,28497.0,31842.75,36871.25,43433.75,45730.0,49683.5,52229.25,51741.364,53858.392,53816.709,54203.464,53890.607,51165.794,52759.828,47236.75,47403.257,45327.364,51428.162,43130.326,40524.29,38564.333,32610.806,33192.274,33484.106,31969.087,31104.105,29415.148,24565.309,22443.333,16906.458,15352.909,16716.704
EE,G3000,14215.25,14273.75,8345.25,4136.5,5940.75,6774.5,7471.0,7259.5,6890.0,6697.5,7699.25,8262.5,6928.5,7908.75,9008.0,9300.25,9398.75,9343.0,8961.0,6107.25,6542.0,5853.25,6343.0,6453.5,5065.5,4541.0,4980.75,4721.297,4810.323,4421.416,4047.262,4584.814,3397.046,2946.198,3144.087
EL,G3000,1606.514,1586.997,1466.494,1081.507,553.253,510.251,573.253,1988.734,8436.655,14165.083,19824.028,19573.974,20946.518,23565.181,25920.718,27371.984,31950.961,39125.445,40777.087,34552.85,37616.823,46197.383,42589.885,37638.322,28892.421,31132.939,40586.063,48888.66,47883.441,52210.004,57318.426,63367.805,51214.61,46208.135,60508.775
ES,G3000,57804.863,65122.033,68092.119,66792.117,73231.531,89809.957,100507.948,131513.19,135011.504,154553.686,176996.441,190729.988,218074.958,248332.945,292744.577,347083.378,367627.204,369640.694,406001.998,363149.07,362036.13,336522.659,332323.816,304280.092,275243.072,285383.332,291215.949,317112.393,314951.5,359330.248,324655.98,342116.978,329562.44,293411.065,279878.561
FI,G3000,25386.5,26832.75,27810.25,28877.75,31930.0,33023.25,34509.25,33805.25,38792.75,38820.75,39896.0,43215.25,42945.75,47615.25,46055.5,41945.75,45185.5,43395.239,44917.472,40516.119,44625.238,39076.229,34949.045,33219.862,29228.755,26007.75,23940.223,22473.523,25314.405,24795.437,24607.282,24739.892,12841.305,14742.672,15888.498
FR,G3000,302751.82,331665.704,330988.711,338513.065,323148.759,343979.058,380147.414,364472.203,388593.698,396208.902,415960.055,436680.778,435943.941,457269.504,466929.105,477127.271,460801.542,447605.549,463871.093,447309.542,495643.832,430190.344,444442.958,451431.541,379083.514,407517.639,445299.437,447657.066,427728.114,435676.246,405165.931,429946.934,384468.487,337951.202,315618.694
HR,G3000,25522.75,23636.0,24500.5,25868.5,24339.0,22495.0,25207.25,26129.75,25118.0,25467.5,25695.5,26925.9,27567.0,27401.75,28588.25,27644.05,27339.0,31413.75,29967.75,27950.0,30614.25,29891.75,28066.0,26538.0,23485.75,24212.5,25243.283,28996.669,26658.366,27981.422,29368.095,28251.805,24805.114,26618.425,24318.25
HU,G3000,103659.0,102789.5,90360.0,97237.75,98196.25,106703.75,119061.75,112913.75,113698.25,115195.75,112308.0,124564.75,125726.75,138234.75,136213.25,140652.5,133242.25,124497.25,122822.5,106436.5,114154.25,108786.25,97424.0,89598.25,81196.25,87107.0,93362.473,99341.5,96224.25,98439.998,101929.751,108104.0,91909.751,82148.25,82511.25
IE,G3000,21782.5,22322.5,22079.75,25078.75,25511.5,27144.0,30833.25,32234.75,32595.25,34857.0,39960.0,41679.25,42782.75,42479.25,42390.471,40652.029,46033.63,49424.637,52543.205,49649.347,54682.095,48116.963,46884.798,44808.386,43405.823,43716.767,49388.778,50155.183,52190.81,53033.98,53104.13,50816.665,51861.279,48140.573,49530.592
IT,G3000,453585.0,482354.25,478134.5,487877.0,471443.75,519306.75,535757.0,552260.25,594598.25,646264.25,673845.5,675693.75,671122.25,739911.75,767800.75,821674.0,804700.75,808644.0,808510.75,743179.25,791499.0,742158.5,713565.75,667407.5,589711.75,643156.5,675465.5,715815.138,692140.822,708837.576,677864.094,726066.08,652488.827,585332.272,588807.187
LT,G3000,54404.25,56319.25,32174.75,17401.0,20131.5,23591.5,25221.0,23283.5,20394.5,21080.25,24001.0,24959.25,25238.25,27378.0,27303.5,28801.25,28540.75,33629.5,30187.25,25368.5,28979.5,31610.75,30866.5,25173.25,24010.25,24044.75,21417.75,22346.748,20651.247,21682.968,22931.5,21821.128,14903.074,14512.986,15926.885
LU,G3000,4995.25,5197.25,5417.25,5627.25,5678.0,6479.0,7107.5,7282.75,7358.5,7629.25,7807.815,8679.57,12407.351,12559.636,13908.188,13680.046,14309.427,13356.534,12714.349,12937.973,13916.304,12005.374,12223.856,10349.571,9805.959,8942.812,8246.929,8061.143,7950.633,7955.588,7225.362,7789.807,6117.396,5732.4,6033.957
LV,G3000,27681.25,27907.5,20065.0,13217.25,9617.75,11744.25,10062.0,12262.75,12013.5,11511.25,12704.5,14767.0,15020.0,15668.75,15495.75,15792.25,16359.0,15811.75,15503.75,14272.25,17001.75,14984.25,14085.75,14010.5,12579.5,12774.25,12947.653,11548.068,13595.973,12831.67,10586.321,11212.477,8045.615,7979.784,8239.279
ME,G3000,,,,,,,,,,,,,,,,0.0,0.0,0.0,0.0,0.0,0.0,0.0,0.0,0.0,0.0,0.0,0.0,0.0,0.0,0.0,0.0,0.0,0.0,0.0,
MK,G3000,0.0,0.0,0.0,0.0,0.0,0.0,0.0,0.0,202.0,385.25,629.25,837.75,866.0,772.75,680.25,729.0,780.5,996.0,1132.5,750.25,1111.25,1282.75,1331.25,1506.75,1292.75,1302.25,2047.529,2633.22,2428.743,2839.25,3250.222,4126.42,2779.838,3516.891,
NL,G3000,357360.059,399665.168,387137.46,398526.422,387970.957,401165.163,441915.027,415776.614,413192.873,402165.16,407137.393,417193.11,416332.112,418470.855,427415.326,410831.881,398248.673,387693.208,403054.157,412776.374,465970.697,407554.142,389443.202,388217.298,338464.787,332996.045,349348.954,362376.579,357521.68,372866.969,365816.802,350774.82,271704.519,258013.728,261516.964
NO,G3000,22981.437,22467.127,37648.955,42985.776,45667.511,40258.283,34712.895,45607.706,50072.433,55314.514,48201.25,71660.25,49896.949,60361.251,47020.141,47351.157,46787.87,56607.933,64599.672,62955.025,74188.14,59410.406,64721.641,65334.741,66569.009,71505.069,66371.031,58122.654,63972.301,57803.201,59711.397,56156.172,52539.821,54109.358,46572.428
PL,G3000,103946.0,96929.0,90274.25,94829.25,95552.0,104609.0,109848.25,109524.75,110651.25,107731.25,115831.25,120679.75,117616.5,130961.75,138171.0,142287.25,146323.25,145312.25,146141.25,140285.25,148919.706,149286.617,159101.2,159748.436,155892.188,160212.446,170184.277,179624.048,187523.32,188730.587,202831.135,212022.84,174961.731,183325.345,197330.877
PT,G3000,0.0,0.0,0.0,0.0,0.0,0.0,0.0,1008.0,8108.5,22626.0,23653.25,26226.5,31742.25,30660.0,38419.0,43620.5,42328.5,44291.25,48131.0,49046.25,52201.5,51912.25,45736.5,43680.75,40395.0,47111.758,50274.668,62981.051,58655.555,61670.024,60523.117,57833.05,56033.418,44415.641,36731.703
RO,G3000,335391.25,276765.75,246495.25,236971.75,215841.0,223762.5,225837.0,185365.25,174271.5,159691.75,159097.0,153281.25,158502.25,171302.25,162091.0,161926.75,165130.5,148422.0,141414.5,123049.5,125469.0,129151.75,125341.0,114427.0,108731.25,103708.25,104946.109,112902.687,115629.876,107749.801,112625.53,115671.019,97102.952,91161.271,94485.334
RS,G3000,30096.0,29104.25,26267.5,16371.25,13666.25,15692.75,22629.25,25010.25,23297.5,16850.0,17829.25,20128.75,20244.0,21169.5,26885.75,22642.75,23163.0,23389.75,23281.0,16224.25,21554.75,22127.25,19513.5,21708.0,18712.112,20356.622,21996.632,24622.984,24793.795,23181.56,23137.544,27848.537,26927.001,26212.614,26507.451
SE,G3000,6710.0,7168.75,8091.5,8830.75,8766.75,8775.5,9403.25,9288.75,9206.5,9226.25,9023.0,10180.0,10359.75,10330.5,10285.5,9799.75,10256.0,10589.5,9612.5,12671.0,17048.75,13475.0,11706.75,11110.0,9234.75,8415.5,9516.102,10694.902,11637.25,10962.319,14572.072,11705.524,7319.231,8355.872,8842.414
SI,G3000,8870.5,8441.5,7159.0,7149.0,7324.25,8674.0,8473.75,9244.25,9529.0,9929.0,9601.5,9884.75,9534.5,10545.25,10452.25,10802.25,10458.25,10632.0,10219.25,9670.75,10034.75,8578.5,8258.25,8046.25,7280.5,7726.0,8199.75,8590.405,8428.469,8555.198,8554.384,9015.367,7949.617,7669.057,8305.587
SK,G3000,59173.0,52629.0,57888.5,57326.5,54733.75,60676.0,63946.25,64890.5,65936.75,66734.75,67179.75,71738.0,68237.25,65927.0,63946.5,68426.75,62544.75,59189.0,60084.25,51455.0,58224.75,53929.0,50768.75,53010.0,43872.25,45118.0,45302.75,48109.447,47416.214,47522.778,47546.384,52928.769,44098.712,41981.421,43458.261
UK,G3000,548975.5,591730.75,589800.25,671962.75,700335.25,757339.25,883439.25,886439.0,923171.5,979212.25,1016454.25,1007736.25,998497.0,998805.25,1020550.5,994048.75,942755.25,953239.75,987379.5,908324.0,986426.75,818091.0,772061.75,765065.75,697099.699,712296.486,801945.266,782416.886,791712.775,777276.973,,,,,
XK,G3000,,,,,,,,,,,0.0,0.0,0.0,0.0,0.0,0.0,0.0,0.0,0.0,0.0,0.0,0.0,0.0,0.0,0.0,0.0,0.0,0.0,0.0,0.0,0.0,0.0,0.0,0.0,
AL,O4000XBIO,14125.623,9454.867,6756.826,6920.924,8071.747,7181.779,6978.769,5564.129,6754.035,12256.902,12569.458,13319.128,15309.439,15295.402,17093.024,17477.565,16384.402,15412.348,15806.456,14878.104,14525.456,14407.631,12674.986,14795.976,15615.588,13986.333,14398.488,15323.102,13420.037,14270.557,12360.879,11970.883,12249.56,11886.816,
AT,O4000XBIO,125675.516,134746.796,131803.437,134503.339,132534.663,133302.066,145324.903,144606.303,152615.594,145272.989,143325.647,152757.512,155227.802,164860.932,165200.202,167897.439,167225.651,160484.368,155991.722,146894.634,151409.112,142204.771,139204.403,142384.527,138300.436,139693.266,142618.534,142904.34,145146.287,149748.265,129288.399,137105.662,132517.946,132351.639,129100.532
BA,O4000XBIO,,,,,,,,,,,,,,,,,,,,,,,,,17195.45,17825.6,20244.108,20145.917,19668.886,19305.495,17956.311,20007.359,19668.666,19934.297,
BE,O4000XBIO,215860.371,237177.0,245805.734,237991.45,266328.364,266810.073,285807.719,287341.421,291097.092,285921.389,281170.443,283260.082,266744.114,287278.455,286727.738,286751.946,273425.125,264536.711,285970.943,274079.781,285040.337,265619.707,252582.344,263314.332,271304.495,272927.62,266524.777,265383.895,266420.041,256002.771,228790.132,247980.29,236385.66,234611.371,244652.83
BG,O4000XBIO,112122.417,74933.589,65226.911,74441.233,68405.239,73506.954,65499.431,53162.55,56338.755,52287.298,48638.353,49621.072,51741.516,53543.472,51078.499,58013.305,60305.409,57596.686,56734.781,50790.352,46619.217,44293.195,46622.249,42562.87,46586.148,50454.751,50468.661,52805.336,53746.408,55266.294,50152.949,53166.779,56197.795,55579.495,58912.267
CZ,O4000XBIO,103922.964,86008.154,92293.56,86981.11,89250.682,92784.485,94912.738,91324.261,96198.695,95684.448,91474.964,97216.631,98684.64,101637.371,111190.455,115734.696,115367.476,116175.241,117111.747,110827.991,108116.127,105300.099,103708.06,99622.716,105880.016,103570.071,96618.311,112490.091,114148.254,114764.821,100133.481,110147.892,112975.484,111809.693,115898.838
DE,O4000XBIO,1467432.417,1532742.611,1554049.167,1565173.556,1564246.917,1569099.806,1605240.5,1610113.722,1617234.139,1562179.972,1524419.639,1556269.167,1495178.417,1476642.529,1463798.946,1448939.539,1452296.898,1315019.305,1386404.488,1301572.673,1316366.118,1272461.297,1274127.971,1303599.436,1276090.357,1277691.071,1288280.846,1316191.21,1261433.225,1279000.237,1156713.485,1136948.293,1164616.876,1087401.052,1082054.205
DK,O4000XBIO,95397.333,96720.583,95825.694,96556.583,101802.944,103315.772,112033.146,107542.485,108580.146,105521.753,102321.042,103736.917,100050.536,97838.75,98138.514,96016.403,97870.375,97828.736,96048.194,89579.917,90509.389,85424.222,82150.111,79353.5,77521.676,77762.56,79335.814,81501.722,81915.852,80609.127,68057.824,69912.648,75662.422,74401.019,71065.64
EE,O4000XBIO,33710.903,29225.42,14728.883,15723.795,14437.99,10639.896,11264.456,10569.855,12578.117,11233.684,7776.254,9519.159,9228.416,9338.005,9216.972,9512.256,9514.302,9596.526,8999.059,6965.879,6970.379,6679.113,6614.04,5986.55,5317.985,3868.862,5336.578,2571.138,1612.453,588.659,-217.473,-1049.446,2056.569,-917.135,-625.572
EL,O4000XBIO,149115.809,152307.044,154518.6,152376.218,157646.326,158943.138,170252.911,171873.822,177188.381,178469.121,181810.488,187858.577,194392.261,200998.668,201252.855,205835.435,206995.96,195602.62,201794.921,193536.787,169049.922,153208.179,148747.843,127837.516,134185.269,140133.887,142759.976,138659.038,133126.912,137235.244,111267.756,118490.218,138394.545,132665.136,138114.377
ES,O4000XBIO,511133.391,532130.358,556226.103,532221.337,576405.143,646076.388,637283.303,665537.572,715964.729,742315.644,749337.333,775540.389,777361.25,797757.361,817485.056,823400.583,819773.25,826031.917,792120.25,735898.5,708528.25,676231.5,621988.667,591440.083,580994.611,610315.167,630117.028,666404.111,668868.917,653167.111,531369.167,584648.439,627246.821,603126.557,637139.605
FI,O4000XBIO,113689.436,118941.963,104128.565,108325.232,113474.106,98915.067,110460.761,115085.469,119348.506,116612.956,110279.263,107656.179,119192.173,122790.689,128361.773,122508.28,127074.911,121904.859,119882.582,113549.031,116815.321,115459.696,108187.516,97201.859,109740.437,98058.541,107231.777,102628.871,103052.811,99263.897,91243.241,84650.609,90743.279,88874.704,84530.594
FR,O4000XBIO,1017188.756,1055717.967,1013521.25,1023911.289,961560.472,995053.383,1046761.933,1011361.172,1057811.8,1051556.472,1018928.222,1095834.256,1072647.953,1087041.413,1102430.041,1091007.433,1083481.791,1069922.152,1044052.058,1004191.836,962014.353,965135.869,937536.333,917548.095,914925.257,932386.2,901597.441,907697.655,874996.845,883867.354,753940.481,801237.421,806423.141,813823.909,782575.209
HR,O4000XBIO,56167.942,40015.002,37625.761,38851.093,39288.631,43237.543,45413.726,46739.574,49770.638,52543.077,46249.441,47393.249,49399.655,54371.837,51137.042,52583.796,53693.054,54766.792,51931.682,50859.182,43356.349,42445.008,38037.735,36753.765,36262.482,37789.277,37833.507,40432.92,38973.385,38077.468,32399.704,34328.536,38298.279,41886.724,44720.935
HU,O4000XBIO,102058.194,92617.944,86822.447,92804.808,84120.111,87304.283,81151.711,84218.95,84561.647,81469.844,79879.983,77073.757,75168.52,73312.724,75815.056,86552.528,90185.694,88837.11,85053.511,83278.086,79067.092,75331.992,70671.753,68203.228,76543.325,81771.153,81129.633,87815.994,93782.519,95116.218,86740.7,94139.066,93813.345,91197.005,90494.128
IE,O4000XBIO,56706.514,57341.655,56902.439,59500.964,65974.075,66341.755,69863.98,76525.407,84401.512,95823.132,95230.147,100236.19,99815.267,97010.953,102910.724,102125.256,100518.397,102949.722,97659.807,92471.839,90531.785,80669.355,75424.139,76895.107,75468.246,80335.473,85311.547,84907.515,85918.864,86279.833,72476.275,78121.88,83033.499,82821.725,84412.914
IT,O4000XBIO,987213.3,1000513.576,1007924.65,1002786.973,988504.128,1083433.634,1072517.936,1077157.633,1077464.365,1047747.54,1045012.825,1030757.136,1036759.372,1028712.99,998005.095,968998.012,955178.071,930370.141,881664.768,821158.031,795624.841,767033.489,682070.771,655192.748,635602.694,659685.378,637674.93,644531.218,636727.887,628359.847,522320.927,593016.209,599296.37,607279.793,599573.565
LT,O4000XBIO,79636.183,89529.856,47399.156,43569.931,40083.647,35085.411,36890.603,37549.686,42766.875,33752.553,25143.517,29897.689,28693.594,27189.053,29448.736,31281.314,31303.476,31310.464,34388.943,29014.637,29673.717,28660.616,29372.797,29020.229,29281.76,30238.796,32948.018,33707.675,35889.143,35016.231,33534.683,33809.106,34366.631,36299.621,36893.553
LU,O4000XBIO,18655.766,21705.876,22348.624,22316.972,22364.168,20985.951,21617.749,22568.324,23531.281,25144.17,26994.289,28645.859,29175.274,31437.844,35528.468,36767.064,34690.913,33791.131,34054.074,31890.618,33406.259,34124.112,32921.312,32379.431,31219.275,30662.773,30622.15,32056.189,33913.225,34303.78,27846.454,29903.255,27225.14,26218.141,25332.683
LV,O4000XBIO,40830.506,35788.342,29531.264,27493.597,26595.556,22165.773,23150.419,20181.028,20000.936,17209.66,15073.812,14953.458,14631.989,16150.025,16811.352,17262.119,18861.891,20354.342,19244.675,17282.884,17689.069,16281.246,16077.119,16370.842,16667.208,17280.0,17308.811,18158.475,18495.651,17966.398,16581.872,17388.17,17514.269,18474.598,17388.754
ME,O4000XBIO,,,,,,,,,,,,,,,,3449.183,4369.606,4734.239,4869.647,3837.383,3624.389,3463.778,3275.894,3185.433,3233.95,3463.283,3837.236,4261.954,4533.523,4761.443,3867.52,4812.365,4813.636,4879.764,
MK,O4000XBIO,12678.889,11795.028,12674.944,13290.984,9887.852,9665.72,14356.472,12292.0,11106.094,11034.467,11253.806,9229.694,10445.028,10106.333,10350.417,10614.938,11241.021,12130.433,10988.057,11326.946,10990.434,11377.537,10881.318,10614.217,10522.103,11284.971,12652.187,12058.739,11581.339,12613.22,11636.911,12630.098,13713.56,13641.232,
NL,O4000XBIO,309496.803,307119.873,313455.92,318906.36,326825.098,338177.267,342976.861,351141.776,355586.801,360771.119,359656.59,366692.612,376412.086,402995.932,404115.989,403447.765,407893.645,408769.628,388265.98,373720.061,387872.449,372860.527,374599.631,361250.77,352844.501,352360.869,367179.874,379720.068,368868.716,351279.471,321555.703,331313.49,326173.47,334407.21,392056.78
NO,O4000XBIO,92550.315,98358.979,86889.174,91732.453,82222.629,85935.951,88200.115,90141.358,91217.033,97201.515,97774.312,95525.408,98790.14,117831.688,141321.15,146156.022,154291.839,117849.018,140885.829,147577.604,145174.117,117777.097,127816.558,144008.249,117450.995,73430.405,108041.925,127382.164,119594.055,108839.097,105731.675,101968.503,86990.21,97621.548,101439.648
PL,O4000XBIO,154365.995,154779.531,160418.979,165840.981,173707.022,185525.934,209359.755,214798.237,220006.639,227085.98,228179.785,234950.977,234383.865,235882.7,252350.494,255714.032,275300.154,282101.584,292680.31,285676.721,301847.209,304343.114,290382.261,265332.854,263710.891,279970.774,308976.763,348546.368,358143.919,364025.183,342344.758,363727.674,382856.984,384233.292,385446.916
PT,O4000XBIO,130310.317,131154.682,147285.247,138917.509,138487.155,159646.782,153797.061,163095.426,184328.963,187790.132,181577.255,185938.257,193016.151,179271.643,181682.144,187671.173,166833.148,165665.619,158782.223,148458.868,144125.567,134165.802,119886.422,119554.448,118671.755,120484.967,120506.714,123121.037,119100.029,125871.061,104070.797,106338.072,119527.464,117587.75,115045.949
RO,O4000XBIO,223804.639,177745.528,139301.137,151513.486,138562.375,157780.602,156689.84,152050.584,140736.901,117951.423,117734.556,130867.129,126513.795,123847.936,118328.194,113939.174,121727.849,119599.058,115672.798,100144.991,100502.914,100417.377,97622.267,92712.346,92803.803,100582.334,102717.884,112033.354,113055.413,115019.929,112131.662,122255.687,122258.609,129187.124,127326.612
RS,O4000XBIO,61516.75,44956.806,29697.571,21706.377,20290.781,21992.264,38910.928,46199.523,38551.734,18371.021,17288.187,31453.886,36800.811,41305.056,49661.667,51523.148,54508.223,50440.306,49879.651,46172.676,46093.016,45304.012,39902.083,40154.164,38932.868,40297.05,44035.321,44221.712,44381.589,45052.739,42022.685,46873.499,51962.978,50053.517,50260.8
SE,O4000XBIO,170463.876,168973.929,168738.162,168882.163,180828.282,183921.355,185423.497,178147.596,179757.193,176269.384,165502.923,168432.174,191855.261,182954.379,179559.399,172615.446,163613.118,157331.444,165615.394,145370.023,169335.031,167940.804,154013.255,147181.969,142958.595,110613.269,127365.514,124138.761,135238.122,122853.37,98879.875,108655.586,109100.917,108344.834,120902.492
SI,O4000XBIO,20585.25,20108.806,18968.139,22853.306,24573.583,27139.333,31570.222,31574.083,29439.806,30851.806,28072.583,29167.028,28327.444,28744.028,29638.778,30012.111,30860.694,30255.356,35083.519,29998.331,30272.219,30015.759,29140.41,27363.257,27065.517,26619.327,27945.075,28278.797,28539.564,27560.05,23367.672,25494.969,27663.908,25617.286,26927.19
SK,O4000XBIO,52051.974,45953.352,40669.736,33691.306,36594.618,39516.697,38832.888,40872.037,40056.838,36363.641,33156.183,33073.795,38405.929,35488.168,35771.667,37977.454,37418.706,39753.816,41889.844,38580.661,40765.366,39930.563,37472.712,35991.396,33033.076,36107.548,38683.855,42917.056,44030.709,41844.051,41849.929,43463.024,44539.514,43335.663,39211.959
UK,O4000XBIO,961148.483,971168.575,995219.321,987832.188,1067602.166,986638.787,988925.321,952981.413,962843.029,981290.328,973980.709,948546.715,939495.201,955991.66,965952.327,992003.059,979826.05,937783.464,913573.089,862977.105,864309.015,831432.089,818140.643,788208.976,803317.754,826106.176,838347.12,853374.709,843262.633,829633.515,,,,,
XK,O4000XBIO,,,,,,,,,,,3840.642,4855.5,4843.556,5042.297,5157.847,5332.7,5625.683,5966.025,6368.633,6813.817,6418.631,7335.558,6773.846,6116.598,6456.378,7904.985,7814.829,8519.043,8538.279,8837.471,8668.099,9924.638,8897.179,9812.821,
