geo,gas,oil,hard coal,lignite,source
AL,0.44,11.89,1.67,0.0,Eurostat 2023 (no 2024 yet)
AT,67.87,129.1,27.03,0.2,Eurostat nrg_bal_c GIC 2024 (2026-02)
BA,2.11,19.93,6.91,33.68,Eurostat 2023 (no 2024 yet)
BE,138.66,244.65,30.34,0.24,Eurostat nrg_bal_c GIC 2024 (2026-02)
BG,27.13,58.91,4.9,30.91,Eurostat nrg_bal_c GIC 2024 (2026-02)
CZ,66.82,115.9,23.94,87.57,Eurostat nrg_bal_c GIC 2024 (2026-02)
DE,754.19,1082.05,208.86,230.39,Eurostat nrg_bal_c GIC 2024 (2026-02)
DK,16.72,71.07,5.17,0.0,Eurostat nrg_bal_c GIC 2024 (2026-02)
EE,3.14,-0.63,0.01,0.0,Eurostat nrg_bal_c GIC 2024 (2026-02)
EL,60.51,138.11,0.4,8.97,Eurostat nrg_bal_c GIC 2024 (2026-02)
ES,279.88,637.14,28.73,0.0,Eurostat nrg_bal_c GIC 2024 (2026-02)
FI,15.89,84.53,16.02,0.0,Eurostat nrg_bal_c GIC 2024 (2026-02)
FR,315.62,782.58,62.2,0.1,Eurostat nrg_bal_c GIC 2024 (2026-02)
HR,24.32,44.72,2.71,0.01,Eurostat nrg_bal_c GIC 2024 (2026-02)
HU,82.51,90.49,1.04,7.61,Eurostat nrg_bal_c GIC 2024 (2026-02)
IE,49.53,84.41,3.36,0.0,Eurostat nrg_bal_c GIC 2024 (2026-02)
IT,588.81,599.57,26.78,0.0,Eurostat nrg_bal_c GIC 2024 (2026-02)
LT,15.93,36.89,1.0,0.01,Eurostat nrg_bal_c GIC 2024 (2026-02)
LU,6.03,25.33,0.23,0.0,Eurostat nrg_bal_c GIC 2024 (2026-02)
LV,8.24,17.39,0.1,0.0,Eurostat nrg_bal_c GIC 2024 (2026-02)
ME,0.0,4.88,0.0,4.46,Eurostat 2023 (no 2024 yet)
MK,3.52,13.64,0.18,9.28,Eurostat 2023 (no 2024 yet)
NL,261.52,392.06,47.74,0.11,Eurostat nrg_bal_c GIC 2024 (2026-02)
NO,46.57,101.44,8.23,0.0,Eurostat nrg_bal_c GIC 2024 (2026-02)
PL,197.33,385.45,278.48,93.77,Eurostat nrg_bal_c GIC 2024 (2026-02)
PT,36.73,115.05,0.07,0.0,Eurostat nrg_bal_c GIC 2024 (2026-02)
RO,94.49,127.33,1.92,23.99,Eurostat nrg_bal_c GIC 2024 (2026-02)
RS,26.51,50.26,5.21,70.67,Eurostat nrg_bal_c GIC 2024 (2026-02)
SE,8.84,120.9,18.2,0.0,Eurostat nrg_bal_c GIC 2024 (2026-02)
SI,8.31,26.93,0.25,8.82,Eurostat nrg_bal_c GIC 2024 (2026-02)
SK,43.46,39.21,21.87,1.04,Eurostat nrg_bal_c GIC 2024 (2026-02)
UK,627.11,771.94,28.23,0.0,"Eurostat UK 2019 x DESNZ DUKES 2026 table 1.1.1.B ratio 2024/2019 (gas 58.59/72.62, oil 62.48/67.15, coal 2.53/6.12)"
XK,0.0,9.81,0.11,14.87,Eurostat 2023 (no 2024 yet)
TOTAL,3878.7,6432.9,861.9,626.7,"sum, 33 countries (Switzerland not in Eurostat)"
